0,1,2,3,4,5,6,7,8
0.850239739794,6.80055569463,0.499197738218,6.0,60.1119280028,25.0,84.0461102384,75.0,0.91161045294
0.997188376483,8.28940029217,0.0546954761925,16.0,42.154151787,33.0,66.4378940054,13.0,0.849688784686
0.937841211717,9.16722954019,0.971157610237,7.0,132.462796251,46.0,0.47003769017,2.0,0.822902909203
0.973187786223,0.384254264727,0.684274057957,9.0,5.38175562676,6.0,268.005039553,52.0,0.92336656319
0.850239739794,6.80055569463,0.499197738218,6.0,60.1119280028,25.0,84.0461102384,75.0,0.91161045294
0.997188376483,8.28940029217,0.0546954761925,16.0,42.154151787,33.0,66.4378940054,13.0,0.849688784686
0.942036325489,0.199876654088,0.491710921249,14.0,6.40283807373,26.0,32.7823136979,98.0,0.841914068294
0.879708821587,1.38182951349,0.24658236168,3.0,54.3134688808,33.0,5.10724433323,50.0,0.697793279364
0.838708216401,6.81820299103,0.409507900574,11.0,116.317555627,42.0,3.10576479627,35.0,0.987872958475
0.968228237599,3.60776200643,0.899720406659,11.0,19.1979118343,30.0,1.94649790687,13.0,0.866555673688
0.86900124541,2.10499245814,0.852064577186,3.0,8.19232834664,39.0,11.6197793419,20.0,0.900394417958
0.743386857284,8.57568062118,0.692108152358,11.0,52.8933328832,36.0,155.216904041,24.0,0.821769105529
0.968228237599,3.60776200643,0.899720406659,11.0,19.1979118343,30.0,1.94649790687,13.0,0.866555673688
0.86900124541,2.10499245814,0.852064577186,3.0,8.19232834664,39.0,11.6197793419,20.0,0.900394417958
0.743386857284,8.57568062118,0.692108152358,11.0,52.8933328832,36.0,155.216904041,24.0,0.821769105529
0.968228237599,3.60776200643,0.899720406659,11.0,19.1979118343,30.0,1.94649790687,13.0,0.866555673688
0.86900124541,2.10499245814,0.852064577186,3.0,8.19232834664,39.0,11.6197793419,20.0,0.900394417958
0.868611339827,2.16098655704,0.160037972664,9.0,9.76734075886,19.0,32.897571761,86.0,0.9701258945
0.951709816921,2.51618626833,0.984527811049,16.0,43.5835717568,10.0,3.34227090318,13.0,0.985636291249
0.966489866706,3.62057352868,1.04537497977,9.0,18.9229090228,43.0,48.8044677387,69.0,0.959317753664
0.677928565494,5.16469665824,0.487635844401,16.0,5.59279616105,37.0,21.8877267168,86.0,0.956332913471
0.951709816921,2.51618626833,0.984527811049,16.0,43.5835717568,10.0,3.34227090318,13.0,0.985636291249
0.966489866706,3.62057352868,1.04537497977,9.0,18.9229090228,43.0,48.8044677387,69.0,0.959317753664
0.677928565494,5.16469665824,0.487635844401,16.0,5.59279616105,37.0,21.8877267168,86.0,0.956332913471
0.951709816921,2.51618626833,0.984527811049,16.0,43.5835717568,10.0,3.34227090318,13.0,0.985636291249
0.954943756961,5.51213084344,0.856676725178,3.0,23.3092025993,23.0,12.9384823797,7.0,0.781497757351
0.941745639025,0.370219549481,0.230155663228,14.0,22.4150726039,10.0,16.9480989845,16.0,0.990744669723
0.961287869345,3.47717817826,0.970714899006,4.0,9.24463209952,48.0,2.18480103291,83.0,0.962784278042
0.986082780564,7.91186396122,0.169175666157,9.0,129.457859429,26.0,30.7878517918,92.0,0.866351723341
0.859572993584,7.06791992159,0.751506145957,16.0,89.9903079362,34.0,71.2572921529,63.0,0.70766818154
0.961287869345,3.47717817826,0.970714899006,4.0,9.24463209952,48.0,2.18480103291,83.0,0.962784278042
0.986082780564,7.91186396122,0.169175666157,9.0,129.457859429,26.0,30.7878517918,92.0,0.866351723341
0.859572993584,7.06791992159,0.751506145957,16.0,89.9903079362,34.0,71.2572921529,63.0,0.70766818154
0.961287869345,3.47717817826,0.970714899006,4.0,9.24463209952,48.0,2.18480103291,83.0,0.962784278042
0.985530370689,3.68178885874,0.309108895013,9.0,19.6121118954,40.0,2.14517752556,71.0,0.988860355455
0.936011256269,4.56133821721,0.294861773562,11.0,10.8745463914,17.0,19.2057425187,17.0,0.860005517738
0.994078662252,4.13285453778,0.80914376631,5.0,56.7248313004,47.0,57.2991937959,42.0,0.925006653776
0.954015166157,6.82016280903,0.853216169687,7.0,30.5286531758,47.0,17.8831277038,47.0,0.936039922843
0.879554182851,2.28137364038,0.788342281557,6.0,10.351947028,30.0,93.5748214724,34.0,0.92668241657
0.994078662252,4.13285453778,0.80914376631,5.0,56.7248313004,47.0,57.2991937959,42.0,0.925006653776
0.954015166157,6.82016280903,0.853216169687,7.0,30.5286531758,47.0,17.8831277038,47.0,0.936039922843
0.879554182851,2.28137364038,0.788342281557,6.0,10.351947028,30.0,93.5748214724,34.0,0.92668241657
0.954015166157,6.82016280903,0.853216169687,7.0,30.5286531758,47.0,17.8831277038,47.0,0.936039922843
0.996706006631,3.47820966657,0.266994438975,5.0,88.543334047,48.0,0.341540540341,96.0,0.904939303337
0.99668024706,9.25452769778,0.546006089069,10.0,124.927833999,38.0,4.965008574,7.0,0.978475218156
0.869888622173,1.63404631129,0.528318359031,4.0,2.97705564768,46.0,0.040042726957,32.0,0.997194406595
0.811971764374,3.66209640892,0.519514922725,14.0,6.95257701985,20.0,2.84551502694,97.0,0.93480094594
0.94323254035,6.84235522817,0.776493975057,9.0,14.7098825448,44.0,14.1103803476,76.0,0.94936361528
0.869888622173,1.63404631129,0.528318359031,4.0,2.97705564768,46.0,0.040042726957,32.0,0.997194406595
0.811971764374,3.66209640892,0.519514922725,14.0,6.95257701985,20.0,2.84551502694,97.0,0.93480094594
0.94323254035,6.84235522817,0.776493975057,9.0,14.7098825448,44.0,14.1103803476,76.0,0.94936361528
0.869888622173,1.63404631129,0.528318359031,4.0,2.97705564768,46.0,0.040042726957,32.0,0.997194406595
0.811971764374,3.66209640892,0.519514922725,14.0,6.95257701985,20.0,2.84551502694,97.0,0.93480094594
0.948553511626,8.88746732521,0.526258557432,4.0,11.9859182278,15.0,19.387391074,8.0,0.930605585902
0.611034975147,9.06326646352,0.101995710926,11.0,34.0958749318,41.0,0.56087428072,85.0,0.980825901604
0.98434273585,9.37882621825,0.960997443808,11.0,16.0659957901,29.0,68.4225683565,29.0,0.970736516572
0.991152688636,1.29807462743,0.872626382142,13.0,2.58014086028,21.0,88.6663378533,18.0,0.923015694461
0.611034975147,9.06326646352,0.101995710926,11.0,34.0958749318,41.0,0.56087428072,85.0,0.980825901604
0.98434273585,9.37882621825,0.960997443808,11.0,16.0659957901,29.0,68.4225683565,29.0,0.970736516572
0.991152688636,1.29807462743,0.872626382142,13.0,2.58014086028,21.0,88.6663378533,18.0,0.923015694461
0.666900780375,7.38471121571,0.769550607783,13.0,20.8957396528,19.0,10.9731558616,36.0,0.972483328192
0.611034975147,9.06326646352,0.101995710926,11.0,34.0958749318,41.0,0.56087428072,85.0,0.980825901604
0.990890515138,5.87614404086,0.91014445447,7.0,0.82952199476,40.0,36.524520472,82.0,0.913417087298
0.906839633045,1.06012502492,0.903492388278,14.0,84.9741824941,27.0,88.3486138085,13.0,0.909438157634
0.863035876532,5.46654838867,0.618456417333,15.0,34.2979294867,23.0,37.974280808,43.0,0.774561980082
0.8171326282,2.84710422477,0.487469415108,7.0,184.870705401,43.0,10.5512247031,52.0,0.858048605475
0.906839633045,1.06012502492,0.903492388278,14.0,84.9741824941,27.0,88.3486138085,13.0,0.909438157634
0.863035876532,5.46654838867,0.618456417333,15.0,34.2979294867,23.0,37.974280808,43.0,0.774561980082
0.8171326282,2.84710422477,0.487469415108,7.0,184.870705401,43.0,10.5512247031,52.0,0.858048605475
0.928861820734,3.62333610937,0.394208893745,13.0,18.3429766989,27.0,26.8283461397,14.0,0.960658296027
0.840198692207,6.81779279781,0.602256813737,7.0,6.37523005358,5.0,12.6111198106,71.0,0.94254015969
0.989996433512,2.95872694087,0.662023579273,3.0,167.683943492,28.0,3.62128816804,61.0,0.924859382421
0.724081031437,6.96131319188,0.919653891206,12.0,6.59274134714,48.0,2.05923124565,25.0,0.878863174616
0.873519304119,2.84916054622,0.678150550878,4.0,11.6522978697,32.0,45.3114109823,61.0,0.936846334172
0.950227348839,2.89306880121,0.849555964902,16.0,24.332797936,25.0,100.606235887,78.0,0.956796677815
0.724081031437,6.96131319188,0.919653891206,12.0,6.59274134714,48.0,2.05923124565,25.0,0.878863174616
0.873519304119,2.84916054622,0.678150550878,4.0,11.6522978697,32.0,45.3114109823,61.0,0.936846334172
0.950227348839,2.89306880121,0.849555964902,16.0,24.332797936,25.0,100.606235887,78.0,0.956796677815
0.724081031437,6.96131319188,0.919653891206,12.0,6.59274134714,48.0,2.05923124565,25.0,0.878863174616
0.81811563083,3.8685271278,0.656895029548,14.0,16.486806917,44.0,8.83493703759,35.0,0.92340459009
0.968921006493,4.10440583309,0.367578357058,3.0,6.79953274146,25.0,11.5626659736,62.0,0.842346618434
0.857464909664,5.66518264818,0.972310692459,11.0,25.7769938002,12.0,19.7344915448,58.0,0.939486294614
0.844425930014,5.51475005624,0.939587098516,10.0,9.99576802684,15.0,33.4943868671,48.0,0.989959288972
0.620811143524,6.96445608041,0.655662531958,6.0,61.7017384842,28.0,75.5199567188,31.0,0.813143056969
0.857464909664,5.66518264818,0.972310692459,11.0,25.7769938002,12.0,19.7344915448,58.0,0.939486294614
0.844425930014,5.51475005624,0.939587098516,10.0,9.99576802684,15.0,33.4943868671,48.0,0.989959288972
0.620811143524,6.96445608041,0.655662531958,6.0,61.7017384842,28.0,75.5199567188,31.0,0.813143056969
0.910371446787,2.23410864005,0.356113322528,3.0,18.0085555869,19.0,16.7423418536,69.0,0.792598343399
0.844425930014,5.51475005624,0.939587098516,10.0,9.99576802684,15.0,33.4943868671,48.0,0.989959288972
0.857464909664,5.66518264818,0.972310692459,11.0,25.7769938002,12.0,19.7344915448,58.0,0.939486294614
0.712042514978,4.08457805407,0.158439928762,13.0,0.52679206759,41.0,0.565576696961,13.0,0.92379068362
0.970463764721,0.432969793222,0.366841902043,14.0,0.58426395145,34.0,32.3523012238,12.0,0.759240753926
0.931258576863,2.07903246506,0.0558223581246,16.0,14.8620206032,8.0,65.2248076906,81.0,0.756549264967
0.712042514978,4.08457805407,0.158439928762,13.0,0.52679206759,41.0,0.565576696961,13.0,0.92379068362
0.970463764721,0.432969793222,0.366841902043,14.0,0.58426395145,34.0,32.3523012238,12.0,0.759240753926
0.931258576863,2.07903246506,0.0558223581246,16.0,14.8620206032,8.0,65.2248076906,81.0,0.756549264967
0.712042514978,4.08457805407,0.158439928762,13.0,0.52679206759,41.0,0.565576696961,13.0,0.92379068362
0.970463764721,0.432969793222,0.366841902043,14.0,0.58426395145,34.0,32.3523012238,12.0,0.759240753926
0.862848843931,4.03532749483,0.436013455947,7.0,9.56622893703,25.0,15.8006246713,84.0,0.892033827176
0.784750907464,0.723862606327,0.558843067048,16.0,32.8517438536,39.0,5.28547231155,52.0,0.947867396251
0.984489997862,0.796117457824,0.0954572681247,6.0,65.6868702194,47.0,40.2013472253,69.0,0.870569964051
0.981247534986,8.50728725587,0.561027752549,16.0,6.70510889951,10.0,79.826086581,68.0,0.985514608034
0.784750907464,0.723862606327,0.558843067048,16.0,32.8517438536,39.0,5.28547231155,52.0,0.947867396251
0.984489997862,0.796117457824,0.0954572681247,6.0,65.6868702194,47.0,40.2013472253,69.0,0.870569964051
0.981247534986,8.50728725587,0.561027752549,16.0,6.70510889951,10.0,79.826086581,68.0,0.985514608034
0.784750907464,0.723862606327,0.558843067048,16.0,32.8517438536,39.0,5.28547231155,52.0,0.947867396251
0.771924246851,1.19305109824,0.845097383416,8.0,49.6318082031,22.0,37.7730666028,93.0,0.972797778181
0.819950660671,7.2788021142,0.49520115759,11.0,0.708145237579,49.0,54.1699420456,90.0,0.843206400936
0.925924009779,2.50360114585,0.821481142388,12.0,3.59305412113,46.0,9.08349130917,62.0,0.900353818559
0.845764368537,5.32186877127,0.62298472852,11.0,8.12914672929,22.0,4.04882482286,28.0,0.831106972649
0.978789249871,3.05906083209,0.502753678338,16.0,43.8033286297,27.0,13.6030835956,18.0,0.961931330313
0.925924009779,2.50360114585,0.821481142388,12.0,3.59305412113,46.0,9.08349130917,62.0,0.900353818559
0.845764368537,5.32186877127,0.62298472852,11.0,8.12914672929,22.0,4.04882482286,28.0,0.831106972649
0.978789249871,3.05906083209,0.502753678338,16.0,43.8033286297,27.0,13.6030835956,18.0,0.961931330313
0.925924009779,2.50360114585,0.821481142388,12.0,3.59305412113,46.0,9.08349130917,62.0,0.900353818559
0.845764368537,5.32186877127,0.62298472852,11.0,8.12914672929,22.0,4.04882482286,28.0,0.831106972649
0.978789249871,3.05906083209,0.502753678338,16.0,43.8033286297,27.0,13.6030835956,18.0,0.961931330313
0.947002786184,0.872397914326,0.471993672557,16.0,38.8492854833,49.0,0.571483785518,27.0,0.901180517916
0.869796978984,7.37879218321,0.93965870389,3.0,29.7239411487,32.0,109.070529008,70.0,0.85899112447
0.929633565315,7.20489804352,0.647699558227,5.0,90.5707113932,13.0,81.8949442234,70.0,0.981118587423
0.947002786184,0.872397914326,0.471993672557,16.0,38.8492854833,49.0,0.571483785518,27.0,0.901180517916
0.869796978984,7.37879218321,0.93965870389,3.0,29.7239411487,32.0,109.070529008,70.0,0.85899112447
0.929633565315,7.20489804352,0.647699558227,5.0,90.5707113932,13.0,81.8949442234,70.0,0.981118587423
0.947002786184,0.872397914326,0.471993672557,16.0,38.8492854833,49.0,0.571483785518,27.0,0.901180517916
0.846456999333,3.02137347629,0.711405773779,9.0,6.6648758538,28.0,26.4418673007,26.0,0.820002344879
0.856845953238,6.99527224526,0.476084832654,3.0,8.04838739937,45.0,16.2806515813,84.0,0.987605090787
0.908615079575,7.55242972774,0.0951995854231,11.0,151.244032388,13.0,21.4402271671,92.0,0.735464712814
0.975460944817,6.53281159626,0.196611491452,9.0,23.741926727,10.0,80.7920331704,97.0,0.884337394929
0.983537974488,2.53941628485,0.331346800406,8.0,7.14721646754,32.0,67.8001431432,66.0,0.99263168313
0.908615079575,7.55242972774,0.0951995854231,11.0,151.244032388,13.0,21.4402271671,92.0,0.735464712814
0.975460944817,6.53281159626,0.196611491452,9.0,23.741926727,10.0,80.7920331704,97.0,0.884337394929
0.983537974488,2.53941628485,0.331346800406,8.0,7.14721646754,32.0,67.8001431432,66.0,0.99263168313
0.951553320659,0.115871310642,0.551279381222,3.0,12.0909639119,47.0,26.7123365378,94.0,0.773509924335
0.677033692642,6.40286713169,0.356326444783,6.0,24.8053686209,30.0,8.90691607982,21.0,0.859325815588
0.912979389914,4.16421259408,0.520535310115,6.0,6.54891540197,29.0,50.4258071954,42.0,0.880857085183
0.942036325489,0.199876654088,0.491710921249,14.0,6.40283807373,26.0,32.7823136979,98.0,0.841914068294
0.838708216401,6.81820299103,0.409507900574,11.0,116.317555627,42.0,3.10576479627,35.0,0.987872958475
0.937841211717,9.16722954019,0.971157610237,7.0,132.462796251,46.0,0.47003769017,2.0,0.822902909203
0.942036325489,0.199876654088,0.491710921249,14.0,6.40283807373,26.0,32.7823136979,98.0,0.841914068294
0.838708216401,6.81820299103,0.409507900574,11.0,116.317555627,42.0,3.10576479627,35.0,0.987872958475
0.937841211717,9.16722954019,0.971157610237,7.0,132.462796251,46.0,0.47003769017,2.0,0.822902909203
0.942036325489,0.199876654088,0.491710921249,14.0,6.40283807373,26.0,32.7823136979,98.0,0.841914068294
0.838708216401,6.81820299103,0.409507900574,11.0,116.317555627,42.0,3.10576479627,35.0,0.987872958475
0.879708821587,1.38182951349,0.24658236168,3.0,54.3134688808,33.0,5.10724433323,50.0,0.697793279364
0.86900124541,2.10499245814,0.852064577186,3.0,8.19232834664,39.0,11.6197793419,20.0,0.900394417958
0.968228237599,3.60776200643,0.899720406659,11.0,19.1979118343,30.0,1.94649790687,13.0,0.866555673688
0.868611339827,2.16098655704,0.160037972664,9.0,9.76734075886,19.0,32.897571761,86.0,0.9701258945
0.86900124541,2.10499245814,0.852064577186,3.0,8.19232834664,39.0,11.6197793419,20.0,0.900394417958
0.968228237599,3.60776200643,0.899720406659,11.0,19.1979118343,30.0,1.94649790687,13.0,0.866555673688
0.946835610166,0.274479598132,0.504136643158,10.0,102.059515059,42.0,17.8346631825,92.0,0.610188596589
0.86900124541,2.10499245814,0.852064577186,3.0,8.19232834664,39.0,11.6197793419,20.0,0.900394417958
0.968228237599,3.60776200643,0.899720406659,11.0,19.1979118343,30.0,1.94649790687,13.0,0.866555673688
0.946835610166,0.274479598132,0.504136643158,10.0,102.059515059,42.0,17.8346631825,92.0,0.610188596589
0.677928565494,5.16469665824,0.487635844401,16.0,5.59279616105,37.0,21.8877267168,86.0,0.956332913471
0.954943756961,5.51213084344,0.856676725178,3.0,23.3092025993,23.0,12.9384823797,7.0,0.781497757351
0.966489866706,3.62057352868,1.04537497977,9.0,18.9229090228,43.0,48.8044677387,69.0,0.959317753664
0.966489866706,3.62057352868,1.04537497977,9.0,18.9229090228,43.0,48.8044677387,69.0,0.959317753664
0.677928565494,5.16469665824,0.487635844401,16.0,5.59279616105,37.0,21.8877267168,86.0,0.956332913471
0.951709816921,2.51618626833,0.984527811049,16.0,43.5835717568,10.0,3.34227090318,13.0,0.985636291249
0.954943756961,5.51213084344,0.856676725178,3.0,23.3092025993,23.0,12.9384823797,7.0,0.781497757351
0.677928565494,5.16469665824,0.487635844401,16.0,5.59279616105,37.0,21.8877267168,86.0,0.956332913471
0.786378634848,0.690019900243,0.501253810433,11.0,73.9437463944,22.0,18.0857622724,40.0,0.893817536639
0.985530370689,3.68178885874,0.309108895013,9.0,19.6121118954,40.0,2.14517752556,71.0,0.988860355455
0.961287869345,3.47717817826,0.970714899006,4.0,9.24463209952,48.0,2.18480103291,83.0,0.962784278042
0.880952208191,8.38072189699,0.905589381475,6.0,14.0668990527,31.0,10.9626019644,59.0,0.991085320547
0.985530370689,3.68178885874,0.309108895013,9.0,19.6121118954,40.0,2.14517752556,71.0,0.988860355455
0.961287869345,3.47717817826,0.970714899006,4.0,9.24463209952,48.0,2.18480103291,83.0,0.962784278042
0.880952208191,8.38072189699,0.905589381475,6.0,14.0668990527,31.0,10.9626019644,59.0,0.991085320547
0.961287869345,3.47717817826,0.970714899006,4.0,9.24463209952,48.0,2.18480103291,83.0,0.962784278042
0.985530370689,3.68178885874,0.309108895013,9.0,19.6121118954,40.0,2.14517752556,71.0,0.988860355455
0.880952208191,8.38072189699,0.905589381475,6.0,14.0668990527,31.0,10.9626019644,59.0,0.991085320547
0.954015166157,6.82016280903,0.853216169687,7.0,30.5286531758,47.0,17.8831277038,47.0,0.936039922843
0.879554182851,2.28137364038,0.788342281557,6.0,10.351947028,30.0,93.5748214724,34.0,0.92668241657
0.996706006631,3.47820966657,0.266994438975,5.0,88.543334047,48.0,0.341540540341,96.0,0.904939303337
0.954015166157,6.82016280903,0.853216169687,7.0,30.5286531758,47.0,17.8831277038,47.0,0.936039922843
0.996706006631,3.47820966657,0.266994438975,5.0,88.543334047,48.0,0.341540540341,96.0,0.904939303337
0.879554182851,2.28137364038,0.788342281557,6.0,10.351947028,30.0,93.5748214724,34.0,0.92668241657
0.996706006631,3.47820966657,0.266994438975,5.0,88.543334047,48.0,0.341540540341,96.0,0.904939303337
0.954015166157,6.82016280903,0.853216169687,7.0,30.5286531758,47.0,17.8831277038,47.0,0.936039922843
0.99668024706,9.25452769778,0.546006089069,10.0,124.927833999,38.0,4.965008574,7.0,0.978475218156
0.869888622173,1.63404631129,0.528318359031,4.0,2.97705564768,46.0,0.040042726957,32.0,0.997194406595
0.811971764374,3.66209640892,0.519514922725,14.0,6.95257701985,20.0,2.84551502694,97.0,0.93480094594
0.94323254035,6.84235522817,0.776493975057,9.0,14.7098825448,44.0,14.1103803476,76.0,0.94936361528
0.869888622173,1.63404631129,0.528318359031,4.0,2.97705564768,46.0,0.040042726957,32.0,0.997194406595
0.811971764374,3.66209640892,0.519514922725,14.0,6.95257701985,20.0,2.84551502694,97.0,0.93480094594
0.94323254035,6.84235522817,0.776493975057,9.0,14.7098825448,44.0,14.1103803476,76.0,0.94936361528
0.869888622173,1.63404631129,0.528318359031,4.0,2.97705564768,46.0,0.040042726957,32.0,0.997194406595
0.811971764374,3.66209640892,0.519514922725,14.0,6.95257701985,20.0,2.84551502694,97.0,0.93480094594
0.94323254035,6.84235522817,0.776493975057,9.0,14.7098825448,44.0,14.1103803476,76.0,0.94936361528
0.666900780375,7.38471121571,0.769550607783,13.0,20.8957396528,19.0,10.9731558616,36.0,0.972483328192
0.990890515138,5.87614404086,0.91014445447,7.0,0.82952199476,40.0,36.524520472,82.0,0.913417087298
0.991152688636,1.29807462743,0.872626382142,13.0,2.58014086028,21.0,88.6663378533,18.0,0.923015694461
0.666900780375,7.38471121571,0.769550607783,13.0,20.8957396528,19.0,10.9731558616,36.0,0.972483328192
0.990890515138,5.87614404086,0.91014445447,7.0,0.82952199476,40.0,36.524520472,82.0,0.913417087298
0.991152688636,1.29807462743,0.872626382142,13.0,2.58014086028,21.0,88.6663378533,18.0,0.923015694461
0.666900780375,7.38471121571,0.769550607783,13.0,20.8957396528,19.0,10.9731558616,36.0,0.972483328192
0.917538512988,3.25690652934,0.938899313776,5.0,24.7281445733,37.0,39.6312980871,79.0,0.842017390622
0.990890515138,5.87614404086,0.91014445447,7.0,0.82952199476,40.0,36.524520472,82.0,0.913417087298
0.928861820734,3.62333610937,0.394208893745,13.0,18.3429766989,27.0,26.8283461397,14.0,0.960658296027
0.996459347344,0.970269025962,0.742588573517,10.0,9.02266205247,39.0,94.4490940789,71.0,0.90968233932
0.863035876532,5.46654838867,0.618456417333,15.0,34.2979294867,23.0,37.974280808,43.0,0.774561980082
0.928861820734,3.62333610937,0.394208893745,13.0,18.3429766989,27.0,26.8283461397,14.0,0.960658296027
0.996459347344,0.970269025962,0.742588573517,10.0,9.02266205247,39.0,94.4490940789,71.0,0.90968233932
0.863035876532,5.46654838867,0.618456417333,15.0,34.2979294867,23.0,37.974280808,43.0,0.774561980082
0.928861820734,3.62333610937,0.394208893745,13.0,18.3429766989,27.0,26.8283461397,14.0,0.960658296027
0.996459347344,0.970269025962,0.742588573517,10.0,9.02266205247,39.0,94.4490940789,71.0,0.90968233932
0.863035876532,5.46654838867,0.618456417333,15.0,34.2979294867,23.0,37.974280808,43.0,0.774561980082
0.724081031437,6.96131319188,0.919653891206,12.0,6.59274134714,48.0,2.05923124565,25.0,0.878863174616
0.81811563083,3.8685271278,0.656895029548,14.0,16.486806917,44.0,8.83493703759,35.0,0.92340459009
0.800991678932,4.46851955448,0.248138536311,7.0,24.2334987806,44.0,7.30821907517,65.0,0.844390952105
0.724081031437,6.96131319188,0.919653891206,12.0,6.59274134714,48.0,2.05923124565,25.0,0.878863174616
0.81811563083,3.8685271278,0.656895029548,14.0,16.486806917,44.0,8.83493703759,35.0,0.92340459009
0.800991678932,4.46851955448,0.248138536311,7.0,24.2334987806,44.0,7.30821907517,65.0,0.844390952105
0.724081031437,6.96131319188,0.919653891206,12.0,6.59274134714,48.0,2.05923124565,25.0,0.878863174616
0.81811563083,3.8685271278,0.656895029548,14.0,16.486806917,44.0,8.83493703759,35.0,0.92340459009
0.800991678932,4.46851955448,0.248138536311,7.0,24.2334987806,44.0,7.30821907517,65.0,0.844390952105
0.844425930014,5.51475005624,0.939587098516,10.0,9.99576802684,15.0,33.4943868671,48.0,0.989959288972
0.857464909664,5.66518264818,0.972310692459,11.0,25.7769938002,12.0,19.7344915448,58.0,0.939486294614
0.977450936052,4.41814098378,0.890578777571,14.0,79.2817619692,41.0,47.5377353648,59.0,0.997981265792
0.844425930014,5.51475005624,0.939587098516,10.0,9.99576802684,15.0,33.4943868671,48.0,0.989959288972
0.857464909664,5.66518264818,0.972310692459,11.0,25.7769938002,12.0,19.7344915448,58.0,0.939486294614
0.977450936052,4.41814098378,0.890578777571,14.0,79.2817619692,41.0,47.5377353648,59.0,0.997981265792
0.844425930014,5.51475005624,0.939587098516,10.0,9.99576802684,15.0,33.4943868671,48.0,0.989959288972
0.857464909664,5.66518264818,0.972310692459,11.0,25.7769938002,12.0,19.7344915448,58.0,0.939486294614
0.752960227542,9.72601663248,0.882823041936,3.0,37.0002515282,26.0,23.4836630974,63.0,0.91635490029
0.712042514978,4.08457805407,0.158439928762,13.0,0.52679206759,41.0,0.565576696961,13.0,0.92379068362
0.970463764721,0.432969793222,0.366841902043,14.0,0.58426395145,34.0,32.3523012238,12.0,0.759240753926
0.862848843931,4.03532749483,0.436013455947,7.0,9.56622893703,25.0,15.8006246713,84.0,0.892033827176
0.712042514978,4.08457805407,0.158439928762,13.0,0.52679206759,41.0,0.565576696961,13.0,0.92379068362
0.970463764721,0.432969793222,0.366841902043,14.0,0.58426395145,34.0,32.3523012238,12.0,0.759240753926
0.862848843931,4.03532749483,0.436013455947,7.0,9.56622893703,25.0,15.8006246713,84.0,0.892033827176
0.712042514978,4.08457805407,0.158439928762,13.0,0.52679206759,41.0,0.565576696961,13.0,0.92379068362
0.970463764721,0.432969793222,0.366841902043,14.0,0.58426395145,34.0,32.3523012238,12.0,0.759240753926
0.862848843931,4.03532749483,0.436013455947,7.0,9.56622893703,25.0,15.8006246713,84.0,0.892033827176
0.784750907464,0.723862606327,0.558843067048,16.0,32.8517438536,39.0,5.28547231155,52.0,0.947867396251
0.771924246851,1.19305109824,0.845097383416,8.0,49.6318082031,22.0,37.7730666028,93.0,0.972797778181
0.819950660671,7.2788021142,0.49520115759,11.0,0.708145237579,49.0,54.1699420456,90.0,0.843206400936
0.784750907464,0.723862606327,0.558843067048,16.0,32.8517438536,39.0,5.28547231155,52.0,0.947867396251
0.771924246851,1.19305109824,0.845097383416,8.0,49.6318082031,22.0,37.7730666028,93.0,0.972797778181
0.819950660671,7.2788021142,0.49520115759,11.0,0.708145237579,49.0,54.1699420456,90.0,0.843206400936
0.784750907464,0.723862606327,0.558843067048,16.0,32.8517438536,39.0,5.28547231155,52.0,0.947867396251
0.771924246851,1.19305109824,0.845097383416,8.0,49.6318082031,22.0,37.7730666028,93.0,0.972797778181
0.819950660671,7.2788021142,0.49520115759,11.0,0.708145237579,49.0,54.1699420456,90.0,0.843206400936
0.845764368537,5.32186877127,0.62298472852,11.0,8.12914672929,22.0,4.04882482286,28.0,0.831106972649
0.925924009779,2.50360114585,0.821481142388,12.0,3.59305412113,46.0,9.08349130917,62.0,0.900353818559
0.978789249871,3.05906083209,0.502753678338,16.0,43.8033286297,27.0,13.6030835956,18.0,0.961931330313
0.845764368537,5.32186877127,0.62298472852,11.0,8.12914672929,22.0,4.04882482286,28.0,0.831106972649
0.925924009779,2.50360114585,0.821481142388,12.0,3.59305412113,46.0,9.08349130917,62.0,0.900353818559
0.978789249871,3.05906083209,0.502753678338,16.0,43.8033286297,27.0,13.6030835956,18.0,0.961931330313
0.845764368537,5.32186877127,0.62298472852,11.0,8.12914672929,22.0,4.04882482286,28.0,0.831106972649
0.925924009779,2.50360114585,0.821481142388,12.0,3.59305412113,46.0,9.08349130917,62.0,0.900353818559
0.978789249871,3.05906083209,0.502753678338,16.0,43.8033286297,27.0,13.6030835956,18.0,0.961931330313
0.846456999333,3.02137347629,0.711405773779,9.0,6.6648758538,28.0,26.4418673007,26.0,0.820002344879
0.947002786184,0.872397914326,0.471993672557,16.0,38.8492854833,49.0,0.571483785518,27.0,0.901180517916
0.859241081205,0.3229973538,0.234656462055,16.0,71.2861956079,25.0,46.8837232388,1.0,0.994654720433
0.846456999333,3.02137347629,0.711405773779,9.0,6.6648758538,28.0,26.4418673007,26.0,0.820002344879
0.947002786184,0.872397914326,0.471993672557,16.0,38.8492854833,49.0,0.571483785518,27.0,0.901180517916
0.859241081205,0.3229973538,0.234656462055,16.0,71.2861956079,25.0,46.8837232388,1.0,0.994654720433
0.846456999333,3.02137347629,0.711405773779,9.0,6.6648758538,28.0,26.4418673007,26.0,0.820002344879
0.947002786184,0.872397914326,0.471993672557,16.0,38.8492854833,49.0,0.571483785518,27.0,0.901180517916
0.856845953238,6.99527224526,0.476084832654,3.0,8.04838739937,45.0,16.2806515813,84.0,0.987605090787
0.677033692642,6.40286713169,0.356326444783,6.0,24.8053686209,30.0,8.90691607982,21.0,0.859325815588
0.983537974488,2.53941628485,0.331346800406,8.0,7.14721646754,32.0,67.8001431432,66.0,0.99263168313
0.912979389914,4.16421259408,0.520535310115,6.0,6.54891540197,29.0,50.4258071954,42.0,0.880857085183
0.677033692642,6.40286713169,0.356326444783,6.0,24.8053686209,30.0,8.90691607982,21.0,0.859325815588
0.983537974488,2.53941628485,0.331346800406,8.0,7.14721646754,32.0,67.8001431432,66.0,0.99263168313
0.912979389914,4.16421259408,0.520535310115,6.0,6.54891540197,29.0,50.4258071954,42.0,0.880857085183
0.677033692642,6.40286713169,0.356326444783,6.0,24.8053686209,30.0,8.90691607982,21.0,0.859325815588
0.951553320659,0.115871310642,0.551279381222,3.0,12.0909639119,47.0,26.7123365378,94.0,0.773509924335
0.912979389914,4.16421259408,0.520535310115,6.0,6.54891540197,29.0,50.4258071954,42.0,0.880857085183
0.942036325489,0.199876654088,0.491710921249,14.0,6.40283807373,26.0,32.7823136979,98.0,0.841914068294
0.997188376483,8.28940029217,0.0546954761925,16.0,42.154151787,33.0,66.4378940054,13.0,0.849688784686
0.946998938069,7.58615624322,0.155907607188,10.0,15.3640176545,14.0,66.7645090806,28.0,0.998534083184
0.942036325489,0.199876654088,0.491710921249,14.0,6.40283807373,26.0,32.7823136979,98.0,0.841914068294
0.997188376483,8.28940029217,0.0546954761925,16.0,42.154151787,33.0,66.4378940054,13.0,0.849688784686
0.946998938069,7.58615624322,0.155907607188,10.0,15.3640176545,14.0,66.7645090806,28.0,0.998534083184
0.942036325489,0.199876654088,0.491710921249,14.0,6.40283807373,26.0,32.7823136979,98.0,0.841914068294
0.946998938069,7.58615624322,0.155907607188,10.0,15.3640176545,14.0,66.7645090806,28.0,0.998534083184
0.997188376483,8.28940029217,0.0546954761925,16.0,42.154151787,33.0,66.4378940054,13.0,0.849688784686
0.86900124541,2.10499245814,0.852064577186,3.0,8.19232834664,39.0,11.6197793419,20.0,0.900394417958
0.968228237599,3.60776200643,0.899720406659,11.0,19.1979118343,30.0,1.94649790687,13.0,0.866555673688
0.817126393828,2.95325304403,0.199162957139,12.0,52.4288636848,13.0,13.6352161356,88.0,0.990032413395
0.86900124541,2.10499245814,0.852064577186,3.0,8.19232834664,39.0,11.6197793419,20.0,0.900394417958
0.968228237599,3.60776200643,0.899720406659,11.0,19.1979118343,30.0,1.94649790687,13.0,0.866555673688
0.817126393828,2.95325304403,0.199162957139,12.0,52.4288636848,13.0,13.6352161356,88.0,0.990032413395
0.86900124541,2.10499245814,0.852064577186,3.0,8.19232834664,39.0,11.6197793419,20.0,0.900394417958
0.968228237599,3.60776200643,0.899720406659,11.0,19.1979118343,30.0,1.94649790687,13.0,0.866555673688
0.817126393828,2.95325304403,0.199162957139,12.0,52.4288636848,13.0,13.6352161356,88.0,0.990032413395
0.677928565494,5.16469665824,0.487635844401,16.0,5.59279616105,37.0,21.8877267168,86.0,0.956332913471
0.941745639025,0.370219549481,0.230155663228,14.0,22.4150726039,10.0,16.9480989845,16.0,0.990744669723
0.966489866706,3.62057352868,1.04537497977,9.0,18.9229090228,43.0,48.8044677387,69.0,0.959317753664
0.677928565494,5.16469665824,0.487635844401,16.0,5.59279616105,37.0,21.8877267168,86.0,0.956332913471
0.941745639025,0.370219549481,0.230155663228,14.0,22.4150726039,10.0,16.9480989845,16.0,0.990744669723
0.966489866706,3.62057352868,1.04537497977,9.0,18.9229090228,43.0,48.8044677387,69.0,0.959317753664
0.954943756961,5.51213084344,0.856676725178,3.0,23.3092025993,23.0,12.9384823797,7.0,0.781497757351
0.677928565494,5.16469665824,0.487635844401,16.0,5.59279616105,37.0,21.8877267168,86.0,0.956332913471
0.941745639025,0.370219549481,0.230155663228,14.0,22.4150726039,10.0,16.9480989845,16.0,0.990744669723
0.985530370689,3.68178885874,0.309108895013,9.0,19.6121118954,40.0,2.14517752556,71.0,0.988860355455
0.961287869345,3.47717817826,0.970714899006,4.0,9.24463209952,48.0,2.18480103291,83.0,0.962784278042
0.975623842261,3.68721824885,0.0983036657495,10.0,22.6216654804,29.0,14.0785931936,12.0,0.76074541231
0.961287869345,3.47717817826,0.970714899006,4.0,9.24463209952,48.0,2.18480103291,83.0,0.962784278042
0.985530370689,3.68178885874,0.309108895013,9.0,19.6121118954,40.0,2.14517752556,71.0,0.988860355455
0.975623842261,3.68721824885,0.0983036657495,10.0,22.6216654804,29.0,14.0785931936,12.0,0.76074541231
0.961287869345,3.47717817826,0.970714899006,4.0,9.24463209952,48.0,2.18480103291,83.0,0.962784278042
0.985530370689,3.68178885874,0.309108895013,9.0,19.6121118954,40.0,2.14517752556,71.0,0.988860355455
0.880952208191,8.38072189699,0.905589381475,6.0,14.0668990527,31.0,10.9626019644,59.0,0.991085320547
0.954015166157,6.82016280903,0.853216169687,7.0,30.5286531758,47.0,17.8831277038,47.0,0.936039922843
0.917850076188,8.49642170951,0.87369762369,16.0,49.2773000696,24.0,38.5344468893,4.0,0.999212881341
0.994078662252,4.13285453778,0.80914376631,5.0,56.7248313004,47.0,57.2991937959,42.0,0.925006653776
0.954015166157,6.82016280903,0.853216169687,7.0,30.5286531758,47.0,17.8831277038,47.0,0.936039922843
0.917850076188,8.49642170951,0.87369762369,16.0,49.2773000696,24.0,38.5344468893,4.0,0.999212881341
0.994078662252,4.13285453778,0.80914376631,5.0,56.7248313004,47.0,57.2991937959,42.0,0.925006653776
0.954015166157,6.82016280903,0.853216169687,7.0,30.5286531758,47.0,17.8831277038,47.0,0.936039922843
0.917850076188,8.49642170951,0.87369762369,16.0,49.2773000696,24.0,38.5344468893,4.0,0.999212881341
0.994078662252,4.13285453778,0.80914376631,5.0,56.7248313004,47.0,57.2991937959,42.0,0.925006653776
0.869888622173,1.63404631129,0.528318359031,4.0,2.97705564768,46.0,0.040042726957,32.0,0.997194406595
0.811971764374,3.66209640892,0.519514922725,14.0,6.95257701985,20.0,2.84551502694,97.0,0.93480094594
0.94323254035,6.84235522817,0.776493975057,9.0,14.7098825448,44.0,14.1103803476,76.0,0.94936361528
0.869888622173,1.63404631129,0.528318359031,4.0,2.97705564768,46.0,0.040042726957,32.0,0.997194406595
0.811971764374,3.66209640892,0.519514922725,14.0,6.95257701985,20.0,2.84551502694,97.0,0.93480094594
0.94323254035,6.84235522817,0.776493975057,9.0,14.7098825448,44.0,14.1103803476,76.0,0.94936361528
0.869888622173,1.63404631129,0.528318359031,4.0,2.97705564768,46.0,0.040042726957,32.0,0.997194406595
0.811971764374,3.66209640892,0.519514922725,14.0,6.95257701985,20.0,2.84551502694,97.0,0.93480094594
0.94323254035,6.84235522817,0.776493975057,9.0,14.7098825448,44.0,14.1103803476,76.0,0.94936361528
0.666900780375,7.38471121571,0.769550607783,13.0,20.8957396528,19.0,10.9731558616,36.0,0.972483328192
0.611034975147,9.06326646352,0.101995710926,11.0,34.0958749318,41.0,0.56087428072,85.0,0.980825901604
0.905444654499,9.51457957446,0.0627031970348,6.0,15.0468461422,31.0,5.26405712491,63.0,0.885222323692
0.666900780375,7.38471121571,0.769550607783,13.0,20.8957396528,19.0,10.9731558616,36.0,0.972483328192
0.611034975147,9.06326646352,0.101995710926,11.0,34.0958749318,41.0,0.56087428072,85.0,0.980825901604
0.905444654499,9.51457957446,0.0627031970348,6.0,15.0468461422,31.0,5.26405712491,63.0,0.885222323692
0.666900780375,7.38471121571,0.769550607783,13.0,20.8957396528,19.0,10.9731558616,36.0,0.972483328192
0.611034975147,9.06326646352,0.101995710926,11.0,34.0958749318,41.0,0.56087428072,85.0,0.980825901604
0.990890515138,5.87614404086,0.91014445447,7.0,0.82952199476,40.0,36.524520472,82.0,0.913417087298
0.928861820734,3.62333610937,0.394208893745,13.0,18.3429766989,27.0,26.8283461397,14.0,0.960658296027
0.840198692207,6.81779279781,0.602256813737,7.0,6.37523005358,5.0,12.6111198106,71.0,0.94254015969
0.863035876532,5.46654838867,0.618456417333,15.0,34.2979294867,23.0,37.974280808,43.0,0.774561980082
0.840198692207,6.81779279781,0.602256813737,7.0,6.37523005358,5.0,12.6111198106,71.0,0.94254015969
0.928861820734,3.62333610937,0.394208893745,13.0,18.3429766989,27.0,26.8283461397,14.0,0.960658296027
0.863035876532,5.46654838867,0.618456417333,15.0,34.2979294867,23.0,37.974280808,43.0,0.774561980082
0.928861820734,3.62333610937,0.394208893745,13.0,18.3429766989,27.0,26.8283461397,14.0,0.960658296027
0.840198692207,6.81779279781,0.602256813737,7.0,6.37523005358,5.0,12.6111198106,71.0,0.94254015969
0.863035876532,5.46654838867,0.618456417333,15.0,34.2979294867,23.0,37.974280808,43.0,0.774561980082
0.724081031437,6.96131319188,0.919653891206,12.0,6.59274134714,48.0,2.05923124565,25.0,0.878863174616
0.990217239468,0.597434581207,0.173341441349,5.0,29.5374140918,37.0,9.08184741588,88.0,0.876761283345
0.800991678932,4.46851955448,0.248138536311,7.0,24.2334987806,44.0,7.30821907517,65.0,0.844390952105
0.724081031437,6.96131319188,0.919653891206,12.0,6.59274134714,48.0,2.05923124565,25.0,0.878863174616
0.990217239468,0.597434581207,0.173341441349,5.0,29.5374140918,37.0,9.08184741588,88.0,0.876761283345
0.800991678932,4.46851955448,0.248138536311,7.0,24.2334987806,44.0,7.30821907517,65.0,0.844390952105
0.724081031437,6.96131319188,0.919653891206,12.0,6.59274134714,48.0,2.05923124565,25.0,0.878863174616
0.81811563083,3.8685271278,0.656895029548,14.0,16.486806917,44.0,8.83493703759,35.0,0.92340459009
0.800991678932,4.46851955448,0.248138536311,7.0,24.2334987806,44.0,7.30821907517,65.0,0.844390952105
0.910371446787,2.23410864005,0.356113322528,3.0,18.0085555869,19.0,16.7423418536,69.0,0.792598343399
0.844425930014,5.51475005624,0.939587098516,10.0,9.99576802684,15.0,33.4943868671,48.0,0.989959288972
0.99488697374,9.09250043608,0.455160664882,3.0,6.36631767768,16.0,16.8939855871,72.0,0.891760845273
0.910371446787,2.23410864005,0.356113322528,3.0,18.0085555869,19.0,16.7423418536,69.0,0.792598343399
0.844425930014,5.51475005624,0.939587098516,10.0,9.99576802684,15.0,33.4943868671,48.0,0.989959288972
0.99488697374,9.09250043608,0.455160664882,3.0,6.36631767768,16.0,16.8939855871,72.0,0.891760845273
0.910371446787,2.23410864005,0.356113322528,3.0,18.0085555869,19.0,16.7423418536,69.0,0.792598343399
0.857464909664,5.66518264818,0.972310692459,11.0,25.7769938002,12.0,19.7344915448,58.0,0.939486294614
0.99488697374,9.09250043608,0.455160664882,3.0,6.36631767768,16.0,16.8939855871,72.0,0.891760845273
0.712042514978,4.08457805407,0.158439928762,13.0,0.52679206759,41.0,0.565576696961,13.0,0.92379068362
0.951752032876,6.69254243708,0.664790940792,5.0,11.9192930476,45.0,30.829367705,11.0,0.938170070501
0.973272351385,5.29783440263,0.828828408417,3.0,19.7480249793,46.0,18.688834161,86.0,0.892142395701
0.712042514978,4.08457805407,0.158439928762,13.0,0.52679206759,41.0,0.565576696961,13.0,0.92379068362
0.951752032876,6.69254243708,0.664790940792,5.0,11.9192930476,45.0,30.829367705,11.0,0.938170070501
0.973272351385,5.29783440263,0.828828408417,3.0,19.7480249793,46.0,18.688834161,86.0,0.892142395701
0.712042514978,4.08457805407,0.158439928762,13.0,0.52679206759,41.0,0.565576696961,13.0,0.92379068362
0.862848843931,4.03532749483,0.436013455947,7.0,9.56622893703,25.0,15.8006246713,84.0,0.892033827176
0.973272351385,5.29783440263,0.828828408417,3.0,19.7480249793,46.0,18.688834161,86.0,0.892142395701
0.784750907464,0.723862606327,0.558843067048,16.0,32.8517438536,39.0,5.28547231155,52.0,0.947867396251
0.771924246851,1.19305109824,0.845097383416,8.0,49.6318082031,22.0,37.7730666028,93.0,0.972797778181
0.740081263698,5.882766376,0.228529872636,4.0,14.1923832002,31.0,52.6881621975,57.0,0.904666843026
0.784750907464,0.723862606327,0.558843067048,16.0,32.8517438536,39.0,5.28547231155,52.0,0.947867396251
0.771924246851,1.19305109824,0.845097383416,8.0,49.6318082031,22.0,37.7730666028,93.0,0.972797778181
0.740081263698,5.882766376,0.228529872636,4.0,14.1923832002,31.0,52.6881621975,57.0,0.904666843026
0.784750907464,0.723862606327,0.558843067048,16.0,32.8517438536,39.0,5.28547231155,52.0,0.947867396251
0.771924246851,1.19305109824,0.845097383416,8.0,49.6318082031,22.0,37.7730666028,93.0,0.972797778181
0.740081263698,5.882766376,0.228529872636,4.0,14.1923832002,31.0,52.6881621975,57.0,0.904666843026
0.845764368537,5.32186877127,0.62298472852,11.0,8.12914672929,22.0,4.04882482286,28.0,0.831106972649
0.925924009779,2.50360114585,0.821481142388,12.0,3.59305412113,46.0,9.08349130917,62.0,0.900353818559
0.978789249871,3.05906083209,0.502753678338,16.0,43.8033286297,27.0,13.6030835956,18.0,0.961931330313
0.845764368537,5.32186877127,0.62298472852,11.0,8.12914672929,22.0,4.04882482286,28.0,0.831106972649
0.925924009779,2.50360114585,0.821481142388,12.0,3.59305412113,46.0,9.08349130917,62.0,0.900353818559
0.978789249871,3.05906083209,0.502753678338,16.0,43.8033286297,27.0,13.6030835956,18.0,0.961931330313
0.845764368537,5.32186877127,0.62298472852,11.0,8.12914672929,22.0,4.04882482286,28.0,0.831106972649
0.925924009779,2.50360114585,0.821481142388,12.0,3.59305412113,46.0,9.08349130917,62.0,0.900353818559
0.978789249871,3.05906083209,0.502753678338,16.0,43.8033286297,27.0,13.6030835956,18.0,0.961931330313
0.947002786184,0.872397914326,0.471993672557,16.0,38.8492854833,49.0,0.571483785518,27.0,0.901180517916
0.856845953238,6.99527224526,0.476084832654,3.0,8.04838739937,45.0,16.2806515813,84.0,0.987605090787
0.846456999333,3.02137347629,0.711405773779,9.0,6.6648758538,28.0,26.4418673007,26.0,0.820002344879
0.947002786184,0.872397914326,0.471993672557,16.0,38.8492854833,49.0,0.571483785518,27.0,0.901180517916
0.856845953238,6.99527224526,0.476084832654,3.0,8.04838739937,45.0,16.2806515813,84.0,0.987605090787
0.846456999333,3.02137347629,0.711405773779,9.0,6.6648758538,28.0,26.4418673007,26.0,0.820002344879
0.856845953238,6.99527224526,0.476084832654,3.0,8.04838739937,45.0,16.2806515813,84.0,0.987605090787
0.947002786184,0.872397914326,0.471993672557,16.0,38.8492854833,49.0,0.571483785518,27.0,0.901180517916
0.846456999333,3.02137347629,0.711405773779,9.0,6.6648758538,28.0,26.4418673007,26.0,0.820002344879
0.677033692642,6.40286713169,0.356326444783,6.0,24.8053686209,30.0,8.90691607982,21.0,0.859325815588
0.951553320659,0.115871310642,0.551279381222,3.0,12.0909639119,47.0,26.7123365378,94.0,0.773509924335
0.912979389914,4.16421259408,0.520535310115,6.0,6.54891540197,29.0,50.4258071954,42.0,0.880857085183
0.677033692642,6.40286713169,0.356326444783,6.0,24.8053686209,30.0,8.90691607982,21.0,0.859325815588
0.951553320659,0.115871310642,0.551279381222,3.0,12.0909639119,47.0,26.7123365378,94.0,0.773509924335
0.912979389914,4.16421259408,0.520535310115,6.0,6.54891540197,29.0,50.4258071954,42.0,0.880857085183
0.677033692642,6.40286713169,0.356326444783,6.0,24.8053686209,30.0,8.90691607982,21.0,0.859325815588
0.951553320659,0.115871310642,0.551279381222,3.0,12.0909639119,47.0,26.7123365378,94.0,0.773509924335
0.912979389914,4.16421259408,0.520535310115,6.0,6.54891540197,29.0,50.4258071954,42.0,0.880857085183
0.9420363254888287,0.19987665408758737,0.49171092124884536,14.0,6.4028380737264925,26.0,32.782313697880426,98.0,0.8419140682937087
0.9378412117169039,9.167229540194608,0.9711576102371998,7.0,132.46279625055925,46.0,0.47003769017009434,2.0,0.8229029092030145
0.8797088215871464,1.381829513486138,0.24658236168005349,3.0,54.31346888080848,33.0,5.107244333228212,50.0,0.6977932793644828
0.9420363254888287,0.19987665408758737,0.49171092124884536,14.0,6.4028380737264925,26.0,32.782313697880426,98.0,0.8419140682937087
0.8797088215871464,1.381829513486138,0.24658236168005349,3.0,54.31346888080848,33.0,5.107244333228212,50.0,0.6977932793644828
0.9378412117169039,9.167229540194608,0.9711576102371998,7.0,132.46279625055925,46.0,0.47003769017009434,2.0,0.8229029092030145
0.9420363254888287,0.19987665408758737,0.49171092124884536,14.0,6.4028380737264925,26.0,32.782313697880426,98.0,0.8419140682937087
0.8797088215871464,1.381829513486138,0.24658236168005349,3.0,54.31346888080848,33.0,5.107244333228212,50.0,0.6977932793644828
0.9378412117169039,9.167229540194608,0.9711576102371998,7.0,132.46279625055925,46.0,0.47003769017009434,2.0,0.8229029092030145
0.8690012454104407,2.1049924581368176,0.8520645771864355,3.0,8.192328346641913,39.0,11.619779341850629,20.0,0.9003944179579163
0.9682282375989312,3.6077620064287794,0.8997204066587916,11.0,19.197911834329673,30.0,1.946497906871531,13.0,0.8665556736882436
0.8686113398266284,2.160986557043975,0.1600379726637749,9.0,9.767340758858278,19.0,32.89757176103668,86.0,0.9701258944997091
0.8690012454104407,2.1049924581368176,0.8520645771864355,3.0,8.192328346641913,39.0,11.619779341850629,20.0,0.9003944179579163
0.9682282375989312,3.6077620064287794,0.8997204066587916,11.0,19.197911834329673,30.0,1.946497906871531,13.0,0.8665556736882436
0.8686113398266284,2.160986557043975,0.1600379726637749,9.0,9.767340758858278,19.0,32.89757176103668,86.0,0.9701258944997091
0.9682282375989312,3.6077620064287794,0.8997204066587916,11.0,19.197911834329673,30.0,1.946497906871531,13.0,0.8665556736882436
0.8690012454104407,2.1049924581368176,0.8520645771864355,3.0,8.192328346641913,39.0,11.619779341850629,20.0,0.9003944179579163
0.8686113398266284,2.160986557043975,0.1600379726637749,9.0,9.767340758858278,19.0,32.89757176103668,86.0,0.9701258944997091
0.9549437569612985,5.512130843440607,0.8566767251777968,3.0,23.309202599307277,23.0,12.938482379710445,7.0,0.7814977573507783
0.6779285654937302,5.164696658237688,0.4876358444012217,16.0,5.592796161048776,37.0,21.887726716807297,86.0,0.956332913470811
0.9517098169208469,2.5161862683269742,0.9845278110488844,16.0,43.583571756793,10.0,3.3422709031801405,13.0,0.9856362912494636
0.9517098169208469,2.5161862683269742,0.9845278110488844,16.0,43.583571756793,10.0,3.3422709031801405,13.0,0.9856362912494636
0.9549437569612985,5.512130843440607,0.8566767251777968,3.0,23.309202599307277,23.0,12.938482379710445,7.0,0.7814977573507783
0.6779285654937302,5.164696658237688,0.4876358444012217,16.0,5.592796161048776,37.0,21.887726716807297,86.0,0.956332913470811
0.9517098169208469,2.5161862683269742,0.9845278110488844,16.0,43.583571756793,10.0,3.3422709031801405,13.0,0.9856362912494636
0.9549437569612985,5.512130843440607,0.8566767251777968,3.0,23.309202599307277,23.0,12.938482379710445,7.0,0.7814977573507783
0.6779285654937302,5.164696658237688,0.4876358444012217,16.0,5.592796161048776,37.0,21.887726716807297,86.0,0.956332913470811
0.9612878693447079,3.4771781782620392,0.9707148990056816,4.0,9.244632099524571,48.0,2.184801032911231,83.0,0.9627842780423278
0.9855303706893316,3.6817888587403305,0.3091088950132385,9.0,19.61211189538412,40.0,2.145177525560366,71.0,0.9888603554546043
0.9360112562693521,4.561338217212604,0.29486177356199367,11.0,10.874546391387506,17.0,19.205742518694617,17.0,0.8600055177384401
0.9612878693447079,3.4771781782620392,0.9707148990056816,4.0,9.244632099524571,48.0,2.184801032911231,83.0,0.9627842780423278
0.9855303706893316,3.6817888587403305,0.3091088950132385,9.0,19.61211189538412,40.0,2.145177525560366,71.0,0.9888603554546043
0.9360112562693521,4.561338217212604,0.29486177356199367,11.0,10.874546391387506,17.0,19.205742518694617,17.0,0.8600055177384401
0.9612878693447079,3.4771781782620392,0.9707148990056816,4.0,9.244632099524571,48.0,2.184801032911231,83.0,0.9627842780423278
0.9855303706893316,3.6817888587403305,0.3091088950132385,9.0,19.61211189538412,40.0,2.145177525560366,71.0,0.9888603554546043
0.8809522081913387,8.380721896985632,0.9055893814746381,6.0,14.066899052693815,31.0,10.96260196444112,59.0,0.9910853205474326
0.9540151661568109,6.820162809031032,0.8532161696866013,7.0,30.528653175763026,47.0,17.88312770382264,47.0,0.9360399228427639
0.9178500761878641,8.496421709508699,0.8736976236900496,16.0,49.27730006961732,24.0,38.53444688930138,4.0,0.999212881341392
0.9940786622520693,4.132854537783648,0.809143766309734,5.0,56.72483130041351,47.0,57.299193795925355,42.0,0.9250066537762455
0.9540151661568109,6.820162809031032,0.8532161696866013,7.0,30.528653175763026,47.0,17.88312770382264,47.0,0.9360399228427639
0.9178500761878641,8.496421709508699,0.8736976236900496,16.0,49.27730006961732,24.0,38.53444688930138,4.0,0.999212881341392
0.9967060066310081,3.478209666570117,0.2669944389749587,5.0,88.54333404700922,48.0,0.3415405403412335,96.0,0.9049393033371849
0.9540151661568109,6.820162809031032,0.8532161696866013,7.0,30.528653175763026,47.0,17.88312770382264,47.0,0.9360399228427639
0.9967060066310081,3.478209666570117,0.2669944389749587,5.0,88.54333404700922,48.0,0.3415405403412335,96.0,0.9049393033371849
0.9966802470600119,9.254527697782812,0.546006089068606,10.0,124.92783399860107,38.0,4.965008574003938,7.0,0.9784752181564959
0.8119717643743047,3.6620964089229235,0.5195149227251327,14.0,6.952577019854991,20.0,2.8455150269384215,97.0,0.9348009459396494
0.8698886221732717,1.6340463112872217,0.5283183590309373,4.0,2.977055647679907,46.0,0.04004272695700697,32.0,0.9971944065946216
0.9432325403495995,6.842355228173911,0.7764939750574422,9.0,14.709882544849586,44.0,14.110380347567968,76.0,0.9493636152802932
0.8698886221732717,1.6340463112872217,0.5283183590309373,4.0,2.977055647679907,46.0,0.04004272695700697,32.0,0.9971944065946216
0.8119717643743047,3.6620964089229235,0.5195149227251327,14.0,6.952577019854991,20.0,2.8455150269384215,97.0,0.9348009459396494
0.9432325403495995,6.842355228173911,0.7764939750574422,9.0,14.709882544849586,44.0,14.110380347567968,76.0,0.9493636152802932
0.8698886221732717,1.6340463112872217,0.5283183590309373,4.0,2.977055647679907,46.0,0.04004272695700697,32.0,0.9971944065946216
0.8119717643743047,3.6620964089229235,0.5195149227251327,14.0,6.952577019854991,20.0,2.8455150269384215,97.0,0.9348009459396494
0.9432325403495995,6.842355228173911,0.7764939750574422,9.0,14.709882544849586,44.0,14.110380347567968,76.0,0.9493636152802932
0.6669007803748894,7.384711215708382,0.7695506077830377,13.0,20.895739652822453,19.0,10.9731558616284,36.0,0.9724833281921179
0.9054446544994534,9.514579574463394,0.06270319703476764,6.0,15.046846142157863,31.0,5.264057124909689,63.0,0.8852223236924182
0.9908905151383485,5.876144040864975,0.9101444544702904,7.0,0.8295219947603037,40.0,36.52452047202191,82.0,0.9134170872979411
0.6669007803748894,7.384711215708382,0.7695506077830377,13.0,20.895739652822453,19.0,10.9731558616284,36.0,0.9724833281921179
0.9054446544994534,9.514579574463394,0.06270319703476764,6.0,15.046846142157863,31.0,5.264057124909689,63.0,0.8852223236924182
0.6110349751468397,9.063266463518056,0.10199571092617894,11.0,34.09587493176134,41.0,0.5608742807198309,85.0,0.9808259016043841
0.6669007803748894,7.384711215708382,0.7695506077830377,13.0,20.895739652822453,19.0,10.9731558616284,36.0,0.9724833281921179
0.6110349751468397,9.063266463518056,0.10199571092617894,11.0,34.09587493176134,41.0,0.5608742807198309,85.0,0.9808259016043841
0.9908905151383485,5.876144040864975,0.9101444544702904,7.0,0.8295219947603037,40.0,36.52452047202191,82.0,0.9134170872979411
0.8401986922069414,6.817792797809532,0.6022568137371599,7.0,6.3752300535840005,5.0,12.611119810569468,71.0,0.9425401596895139
0.9288618207335019,3.623336109372296,0.3942088937446944,13.0,18.342976698865822,27.0,26.828346139718708,14.0,0.9606582960267704
0.8171326282001418,2.8471042247748013,0.48746941510775016,7.0,184.87070540118108,43.0,10.551224703141623,52.0,0.8580486054753873
0.8401986922069414,6.817792797809532,0.6022568137371599,7.0,6.3752300535840005,5.0,12.611119810569468,71.0,0.9425401596895139
0.9288618207335019,3.623336109372296,0.3942088937446944,13.0,18.342976698865822,27.0,26.828346139718708,14.0,0.9606582960267704
0.9899964335116737,2.95872694087422,0.6620235792732334,3.0,167.68394349240774,28.0,3.621288168043641,61.0,0.9248593824210296
0.9288618207335019,3.623336109372296,0.3942088937446944,13.0,18.342976698865822,27.0,26.828346139718708,14.0,0.9606582960267704
0.8401986922069414,6.817792797809532,0.6022568137371599,7.0,6.3752300535840005,5.0,12.611119810569468,71.0,0.9425401596895139
0.9899964335116737,2.95872694087422,0.6620235792732334,3.0,167.68394349240774,28.0,3.621288168043641,61.0,0.9248593824210296
0.724081031436986,6.961313191879157,0.9196538912062415,12.0,6.592741347143555,48.0,2.0592312456484256,25.0,0.8788631746162859
0.8181156308303282,3.8685271277986444,0.6568950295480381,14.0,16.48680691695513,44.0,8.83493703759108,35.0,0.923404590090012
0.7824218222417575,4.28556441318354,0.10746009257527063,3.0,13.212298456962774,35.0,7.133095352543367,80.0,0.9798086067286896
0.724081031436986,6.961313191879157,0.9196538912062415,12.0,6.592741347143555,48.0,2.0592312456484256,25.0,0.8788631746162859
0.8181156308303282,3.8685271277986444,0.6568950295480381,14.0,16.48680691695513,44.0,8.83493703759108,35.0,0.923404590090012
0.7824218222417575,4.28556441318354,0.10746009257527063,3.0,13.212298456962774,35.0,7.133095352543367,80.0,0.9798086067286896
0.724081031436986,6.961313191879157,0.9196538912062415,12.0,6.592741347143555,48.0,2.0592312456484256,25.0,0.8788631746162859
0.8181156308303282,3.8685271277986444,0.6568950295480381,14.0,16.48680691695513,44.0,8.83493703759108,35.0,0.923404590090012
0.968921006493113,4.104405833086627,0.36757835705826464,3.0,6.799532741462154,25.0,11.562665973559664,62.0,0.8423466184340278
0.8574649096642767,5.665182648177826,0.9723106924593916,11.0,25.776993800158127,12.0,19.734491544783754,58.0,0.9394862946137309
0.8444259300137593,5.514750056239684,0.9395870985164574,10.0,9.99576802684396,15.0,33.494386867118955,48.0,0.9899592889722526
0.9103714467865646,2.234108640047717,0.3561133225276583,3.0,18.008555586875286,19.0,16.742341853570576,69.0,0.792598343399204
0.9103714467865646,2.234108640047717,0.3561133225276583,3.0,18.008555586875286,19.0,16.742341853570576,69.0,0.792598343399204
0.8574649096642767,5.665182648177826,0.9723106924593916,11.0,25.776993800158127,12.0,19.734491544783754,58.0,0.9394862946137309
0.8444259300137593,5.514750056239684,0.9395870985164574,10.0,9.99576802684396,15.0,33.494386867118955,48.0,0.9899592889722526
0.9103714467865646,2.234108640047717,0.3561133225276583,3.0,18.008555586875286,19.0,16.742341853570576,69.0,0.792598343399204
0.8574649096642767,5.665182648177826,0.9723106924593916,11.0,25.776993800158127,12.0,19.734491544783754,58.0,0.9394862946137309
0.8444259300137593,5.514750056239684,0.9395870985164574,10.0,9.99576802684396,15.0,33.494386867118955,48.0,0.9899592889722526
0.712042514977735,4.084578054073482,0.15843992876172058,13.0,0.526792067589638,41.0,0.5655766969610244,13.0,0.9237906836196511
0.9704637647207611,0.4329697932216159,0.36684190204302686,14.0,0.5842639514496264,34.0,32.352301223806066,12.0,0.7592407539258409
0.8628488439309435,4.035327494834209,0.43601345594668633,7.0,9.566228937034445,25.0,15.800624671310626,84.0,0.8920338271755818
0.712042514977735,4.084578054073482,0.15843992876172058,13.0,0.526792067589638,41.0,0.5655766969610244,13.0,0.9237906836196511
0.9704637647207611,0.4329697932216159,0.36684190204302686,14.0,0.5842639514496264,34.0,32.352301223806066,12.0,0.7592407539258409
0.8628488439309435,4.035327494834209,0.43601345594668633,7.0,9.566228937034445,25.0,15.800624671310626,84.0,0.8920338271755818
0.712042514977735,4.084578054073482,0.15843992876172058,13.0,0.526792067589638,41.0,0.5655766969610244,13.0,0.9237906836196511
0.9704637647207611,0.4329697932216159,0.36684190204302686,14.0,0.5842639514496264,34.0,32.352301223806066,12.0,0.7592407539258409
0.8628488439309435,4.035327494834209,0.43601345594668633,7.0,9.566228937034445,25.0,15.800624671310626,84.0,0.8920338271755818
0.7847509074643568,0.7238626063267084,0.558843067048136,16.0,32.851743853649104,39.0,5.285472311548791,52.0,0.9478673962511038
0.7719242468510011,1.1930510982412001,0.8450973834159031,8.0,49.63180820309215,22.0,37.77306660280272,93.0,0.9727977781811765
0.7400812636982762,5.8827663759997675,0.2285298726362816,4.0,14.192383200222922,31.0,52.688162197527745,57.0,0.9046668430262945
0.7847509074643568,0.7238626063267084,0.558843067048136,16.0,32.851743853649104,39.0,5.285472311548791,52.0,0.9478673962511038
0.7719242468510011,1.1930510982412001,0.8450973834159031,8.0,49.63180820309215,22.0,37.77306660280272,93.0,0.9727977781811765
0.7400812636982762,5.8827663759997675,0.2285298726362816,4.0,14.192383200222922,31.0,52.688162197527745,57.0,0.9046668430262945
0.7847509074643568,0.7238626063267084,0.558843067048136,16.0,32.851743853649104,39.0,5.285472311548791,52.0,0.9478673962511038
0.7719242468510011,1.1930510982412001,0.8450973834159031,8.0,49.63180820309215,22.0,37.77306660280272,93.0,0.9727977781811765
0.7400812636982762,5.8827663759997675,0.2285298726362816,4.0,14.192383200222922,31.0,52.688162197527745,57.0,0.9046668430262945
0.9259240097788766,2.503601145850088,0.8214811423879914,12.0,3.5930541211301086,46.0,9.083491309170618,62.0,0.9003538185585619
0.8457643685365309,5.321868771267181,0.6229847285199148,11.0,8.129146729292671,22.0,4.048824822864924,28.0,0.8311069726490056
0.9787892498706718,3.059060832091393,0.5027536783381891,16.0,43.80332862972261,27.0,13.603083595554216,18.0,0.9619313303126108
0.9259240097788766,2.503601145850088,0.8214811423879914,12.0,3.5930541211301086,46.0,9.083491309170618,62.0,0.9003538185585619
0.8457643685365309,5.321868771267181,0.6229847285199148,11.0,8.129146729292671,22.0,4.048824822864924,28.0,0.8311069726490056
0.9787892498706718,3.059060832091393,0.5027536783381891,16.0,43.80332862972261,27.0,13.603083595554216,18.0,0.9619313303126108
0.8457643685365309,5.321868771267181,0.6229847285199148,11.0,8.129146729292671,22.0,4.048824822864924,28.0,0.8311069726490056
0.9259240097788766,2.503601145850088,0.8214811423879914,12.0,3.5930541211301086,46.0,9.083491309170618,62.0,0.9003538185585619
0.9787892498706718,3.059060832091393,0.5027536783381891,16.0,43.80332862972261,27.0,13.603083595554216,18.0,0.9619313303126108
0.681084708244142,1.4868412275680676,0.11213484913016254,5.0,13.431633333119875,9.0,10.02072602243944,3.0,0.960859927525246
0.8568459532382038,6.995272245257834,0.4760848326535248,3.0,8.048387399369863,45.0,16.280651581253974,84.0,0.9876050907869294
0.8464569993334222,3.0213734762941282,0.7114057737794143,9.0,6.6648758537973585,28.0,26.441867300678503,26.0,0.8200023448785568
0.681084708244142,1.4868412275680676,0.11213484913016254,5.0,13.431633333119875,9.0,10.02072602243944,3.0,0.960859927525246
0.9470027861835203,0.872397914326225,0.4719936725567961,16.0,38.84928548326529,49.0,0.5714837855180946,27.0,0.9011805179155216
0.8464569993334222,3.0213734762941282,0.7114057737794143,9.0,6.6648758537973585,28.0,26.441867300678503,26.0,0.8200023448785568
0.9470027861835203,0.872397914326225,0.4719936725567961,16.0,38.84928548326529,49.0,0.5714837855180946,27.0,0.9011805179155216
0.8464569993334222,3.0213734762941282,0.7114057737794143,9.0,6.6648758537973585,28.0,26.441867300678503,26.0,0.8200023448785568
0.8568459532382038,6.995272245257834,0.4760848326535248,3.0,8.048387399369863,45.0,16.280651581253974,84.0,0.9876050907869294
0.9515533206587715,0.11587131064204281,0.5512793812220118,3.0,12.090963911948858,47.0,26.71233653779487,94.0,0.7735099243352969
0.6770336926418395,6.402867131693261,0.35632644478261905,6.0,24.80536862086241,30.0,8.906916079824919,21.0,0.8593258155875817
0.9129793899136252,4.164212594079438,0.5205353101153775,6.0,6.54891540197179,29.0,50.42580719541376,42.0,0.8808570851826291
0.9515533206587715,0.11587131064204281,0.5512793812220118,3.0,12.090963911948858,47.0,26.71233653779487,94.0,0.7735099243352969
0.6770336926418395,6.402867131693261,0.35632644478261905,6.0,24.80536862086241,30.0,8.906916079824919,21.0,0.8593258155875817
0.9129793899136252,4.164212594079438,0.5205353101153775,6.0,6.54891540197179,29.0,50.42580719541376,42.0,0.8808570851826291
0.9515533206587715,0.11587131064204281,0.5512793812220118,3.0,12.090963911948858,47.0,26.71233653779487,94.0,0.7735099243352969
0.6770336926418395,6.402867131693261,0.35632644478261905,6.0,24.80536862086241,30.0,8.906916079824919,21.0,0.8593258155875817
0.9129793899136252,4.164212594079438,0.5205353101153775,6.0,6.54891540197179,29.0,50.42580719541376,42.0,0.8808570851826291
